tau,w_EE,w_EI,w_IE,beta,theta_E,theta_I
0.0,0.0,0.0,0.0,0.0,0.0,0.0
0.016448218375444412,4.997976779937744,8.631172180175781,9.146830558776855,6.499792098999023,5.460068225860596,-3.1973326206207275
